MAE,RMSE,num_records
12.400367203364404,15.94159543143273,4477
